-- ===== 插入示例数据 =====
-- 该脚本为所有表插入测试数据

-- 清空表数据（保留表结构）
-- TRUNCATE TABLE TRANSACTIONS;
-- TRUNCATE TABLE PAYMENTS;
-- TRUNCATE TABLE ORDER_DETAILS;
-- TRUNCATE TABLE PRODUCTS;
-- TRUNCATE TABLE CUSTOMER_DETAILS;

-- ===== 1. 插入客户数据 =====
INSERT INTO CUSTOMER_DETAILS (FIRST_NAME, LAST_NAME, EMAIL, PHONE, ADDRESS) VALUES
('张', '三', 'zhangsan@example.com', '13800138000', '北京市朝阳区建国路1号'),
('李', '四', 'lisi@example.com', '13900139000', '上海市浦东新区世纪大道100号'),
('王', '五', 'wangwu@example.com', '13700137000', '深圳市福田区福华三路1号'),
('赵', '六', 'zhaoliu@example.com', '13600136000', '杭州市西湖区文三路152号'),
('孙', '七', 'sunqi@example.com', '13500135000', '广州市天河区天河路230号'),
('周', '八', 'zhouba@example.com', '13400134000', '南京市建邺区新城科技园'),
('吴', '九', 'wujiu@example.com', '13300133000', '苏州市工业园区星阳街5号'),
('郑', '十', 'zhengshi@example.com', '13200132000', '武汉市武昌区中南路7号'),
('陈', '一', 'chenyi@example.com', '13100131000', '天津市河北区新开路1号'),
('黄', '二', 'huanger@example.com', '13000130000', '重庆市渝中区民权路1号'),
('刘', '三', 'liusan@example.com', '15800158000', '成都市锦江区总府路1号'),
('曾', '四', 'zengsi@example.com', '15900159000', '西安市长安区西长安街1号'),
('彭', '五', 'pengwu@example.com', '15700157000', '长沙市芙蓉区黄兴北路1号'),
('邓', '六', 'denglu@example.com', '15600156000', '南昌市西湖区站前路1号'),
('韦', '七', 'weiqi@example.com', '15500155000', '贵阳市云岩区中山东路1号'),
('许', '八', 'xuba@example.com', '15400154000', '昆明市盘龙区北京路1号'),
('何', '九', 'hejiu@example.com', '15300153000', '太原市迎泽区五一路1号'),
('吕', '十', 'lvshi@example.com', '15200152000', '哈尔滨市南岗区中山路1号'),
('何', '一', 'heyi@example.com', '15100151000', '石家庄市长安区建设南大街1号'),
('邹', '二', 'zouer@example.com', '14800148000', '郑州市中原区建设路1号');


-- ===== 2. 插入产品数据 =====
INSERT INTO PRODUCTS (PRODUCT_NAME, CATEGORY, PRICE) VALUES
('iPhone 15 Pro', '电子产品', 8999.00),
('Samsung Galaxy S24', '电子产品', 7999.00),
('MacBook Pro 14"', '电子产品', 12999.00),
('iPad Air', '电子产品', 4599.00),
('Sony WH-1000XM5', '音频设备', 2299.00),
('DJI Air 3S', '无人机', 6499.00),
('Apple Watch Ultra', '可穿戴设备', 5499.00),
('GoPro Hero 12', '摄像机', 2499.00),
('联想 ThinkPad X1', '电子产品', 8499.00),
('戴尔 XPS 13', '电子产品', 7999.00),
('华为 Mate 60 Pro', '电子产品', 6999.00),
('小米 14 Ultra', '电子产品', 5999.00),
('Google Pixel 8 Pro', '电子产品', 7599.00),
('OnePlus 12', '电子产品', 4999.00),
('Oppo Find X7', '电子产品', 5499.00),
('Vivo X100', '电子产品', 5299.00),
('荣耀 Magic 6 Pro', '电子产品', 5699.00),
('中兴 Axon 60 Ultra', '电子产品', 4999.00),
('realme GT 6 Pro', '电子产品', 3999.00),
('iQOO 12 Pro', '电子产品', 4699.00),
('Bose QuietComfort 45', '音频设备', 2799.00),
('Beats Studio Pro', '音频设备', 1899.00),
('AirPods Pro', '音频设备', 1999.00),
('JBL Tune 760NC', '音频设备', 799.00),
('森海塞尔 Momentum 4', '音频设备', 1199.00),
('Anker Soundcore Liberty 4', '音频设备', 299.00),
('Samsung Galaxy Watch 6', '可穿戴设备', 1999.00),
('Garmin Epix Gen 2', '可穿戴设备', 3299.00),
('Fitbit Sense 2', '可穿戴设备', 1899.00),
('小米手环 8 Pro', '可穿戴设备', 599.00),
('华为 Watch GT 4', '可穿戴设备', 1299.00),
('荣耀手表 Magic Watch 2', '可穿戴设备', 999.00),
('DJI Mini 4 Pro', '无人机', 2499.00),
('DJI Avata 2', '无人机', 4499.00),
('DJI Neo', '无人机', 1999.00),
('Insta360 X3', '摄像机', 1999.00),
('Insta360 ONE X2', '摄像机', 1299.00),
('DJI Osmo Action 4', '摄像机', 1499.00),
('松下 Lumix S5II', '摄像机', 7999.00),
('索尼 Alpha 6700', '摄像机', 8499.00),
('佳能 EOS R8', '摄像机', 9999.00);


-- ===== 3. 插入订单数据 =====
INSERT INTO ORDER_DETAILS (CUSTOMER_ID, ORDER_DATE, TOTAL_AMOUNT) VALUES
(1, '2024-11-01', 8999.00),
(2, '2024-11-02', 17998.00),
(3, '2024-11-03', 12999.00),
(1, '2024-11-04', 4599.00),
(4, '2024-11-05', 22998.00),
(5, '2024-11-06', 5499.00),
(2, '2024-11-07', 2299.00),
(6, '2024-11-08', 6499.00),
(3, '2024-11-09', 8499.00),
(7, '2024-11-10', 7999.00),
(4, '2024-11-11', 5999.00),
(8, '2024-11-12', 21998.00),
(1, '2024-11-13', 6999.00),
(5, '2024-11-14', 2499.00),
(2, '2024-11-15', 4599.00),
(9, '2024-11-16', 7599.00),
(10, '2024-11-17', 4999.00),
(11, '2024-11-18', 5499.00),
(12, '2024-11-19', 5299.00),
(13, '2024-11-20', 5699.00),
(14, '2024-11-21', 4999.00),
(15, '2024-11-22', 3999.00),
(16, '2024-11-23', 4699.00),
(17, '2024-11-24', 2799.00),
(18, '2024-11-25', 1899.00),
(19, '2024-11-26', 1999.00),
(20, '2024-11-27', 799.00),
(1, '2024-11-28', 1199.00),
(2, '2024-11-29', 299.00),
(3, '2024-11-30', 1999.00),
(4, '2024-12-01', 3299.00),
(5, '2024-12-02', 1899.00),
(6, '2024-12-03', 599.00),
(7, '2024-12-04', 1299.00),
(8, '2024-12-05', 999.00),
(9, '2024-12-06', 2499.00),
(10, '2024-12-07', 4499.00),
(11, '2024-12-08', 1999.00),
(12, '2024-12-09', 1999.00),
(13, '2024-12-10', 1299.00),
(14, '2024-12-11', 1499.00),
(15, '2024-12-12', 7999.00),
(16, '2024-12-13', 8499.00),
(17, '2024-12-14', 9999.00),
(18, '2024-12-15', 14998.00),
(19, '2024-12-16', 13598.00),
(20, '2024-12-17', 12198.00);


-- ===== 4. 插入支付数据 =====
INSERT INTO PAYMENTS (ORDER_ID, PAYMENT_DATE, AMOUNT) VALUES
(1, '2024-11-01', 8999.00),
(2, '2024-11-02', 17998.00),
(3, '2024-11-03', 12999.00),
(4, '2024-11-04', 4599.00),
(5, '2024-11-05', 11000.00),
(5, '2024-11-06', 11998.00),
(6, '2024-11-06', 5499.00),
(7, '2024-11-07', 2299.00),
(8, '2024-11-08', 6499.00),
(9, '2024-11-09', 8499.00),
(10, '2024-11-10', 7999.00),
(11, '2024-11-11', 5999.00),
(12, '2024-11-12', 21998.00),
(13, '2024-11-13', 6999.00),
(14, '2024-11-14', 2499.00),
(15, '2024-11-15', 4599.00),
(16, '2024-11-16', 7599.00),
(17, '2024-11-17', 4999.00),
(18, '2024-11-18', 5499.00),
(19, '2024-11-19', 5299.00),
(20, '2024-11-20', 5699.00),
(21, '2024-11-21', 4999.00),
(22, '2024-11-22', 3999.00),
(23, '2024-11-23', 4699.00),
(24, '2024-11-24', 2799.00),
(25, '2024-11-25', 1899.00),
(26, '2024-11-26', 1999.00),
(27, '2024-11-27', 799.00),
(28, '2024-11-28', 1199.00),
(29, '2024-11-29', 299.00),
(30, '2024-11-30', 1999.00),
(31, '2024-12-01', 3299.00),
(32, '2024-12-02', 1899.00),
(33, '2024-12-03', 599.00),
(34, '2024-12-04', 1299.00),
(35, '2024-12-05', 999.00),
(36, '2024-12-06', 2499.00),
(37, '2024-12-07', 4499.00),
(38, '2024-12-08', 1999.00),
(39, '2024-12-09', 1999.00),
(40, '2024-12-10', 1299.00),
(41, '2024-12-11', 1499.00),
(42, '2024-12-12', 7999.00),
(43, '2024-12-13', 8499.00),
(44, '2024-12-14', 9999.00),
(45, '2024-12-15', 14998.00),
(46, '2024-12-16', 13598.00),
(47, '2024-12-17', 12198.00);

-- ===== 5. 插入交易明细数据 =====
INSERT INTO TRANSACTIONS (ORDER_ID, PRODUCT_ID, QUANTITY, PRICE) VALUES
(1, 1, 1, 8999.00),
(2, 2, 1, 7999.00),
(2, 5, 1, 2299.00),
(3, 3, 1, 12999.00),
(4, 4, 1, 4599.00),
(5, 6, 1, 6499.00),
(5, 7, 1, 5499.00),
(6, 7, 1, 5499.00),
(7, 5, 1, 2299.00),
(8, 6, 1, 6499.00),
(9, 9, 1, 8499.00),
(10, 10, 1, 7999.00),
(11, 12, 1, 5999.00),
(12, 3, 1, 12999.00),
(12, 2, 1, 7999.00),
(13, 11, 1, 6999.00),
(14, 8, 1, 2499.00),
(15, 4, 1, 4599.00),
(16, 13, 1, 7599.00),
(17, 14, 1, 4999.00),
(18, 15, 1, 5499.00),
(19, 16, 1, 5299.00),
(20, 17, 1, 5699.00),
(21, 18, 1, 4999.00),
(22, 19, 1, 3999.00),
(23, 20, 1, 4699.00),
(24, 21, 1, 2799.00),
(25, 22, 1, 1899.00),
(26, 23, 1, 1999.00),
(27, 24, 1, 799.00),
(28, 25, 1, 1199.00),
(29, 26, 1, 299.00),
(30, 27, 1, 1999.00),
(31, 28, 1, 3299.00),
(32, 29, 1, 1899.00),
(33, 30, 1, 599.00),
(34, 31, 1, 1299.00),
(35, 32, 1, 999.00),
(36, 33, 1, 2499.00),
(37, 34, 1, 4499.00),
(38, 35, 1, 1999.00),
(39, 36, 1, 1999.00),
(40, 37, 1, 1299.00),
(41, 38, 1, 1499.00),
(42, 39, 1, 7999.00),
(43, 40, 1, 8499.00),
(44, 41, 1, 9999.00),
(45, 1, 1, 8999.00),
(45, 3, 1, 4999.00),
(46, 2, 1, 7599.00),
(47, 10, 1, 4599.00);

-- ===== 查询验证 =====
-- SELECT '=== 客户数据 ===' AS label;
-- SELECT COUNT(*) AS customer_count FROM CUSTOMER_DETAILS;
-- SELECT COUNT(*) AS product_count FROM PRODUCTS;
-- SELECT COUNT(*) AS order_count FROM ORDER_DETAILS;
-- SELECT COUNT(*) AS payment_count FROM PAYMENTS;
-- SELECT COUNT(*) AS transaction_count FROM TRANSACTIONS;
